{
  "project_info": {
    "project_number": "664671656235",
    "firebase_url": "https://waio-dictionary.firebaseio.com",
    "project_id": "waio-dictionary",
    "storage_bucket": "waio-dictionary.appspot.com"
  },
  "client": [
    {
      "client_info": {
        "mobilesdk_app_id": "1:664671656235:android:ec1865ad83d2e2167e8d6e",
        "android_client_info": {
          "package_name": "uz.usoft.waiodictionary"
        }
      },
      "oauth_client": [
        {
          "client_id": "664671656235-p3dd4iljiae7eed3ioaosq17vn0g9aes.apps.googleusercontent.com",
          "client_type": 1,
          "android_info": {
            "package_name": "uz.usoft.waiodictionary",
            "certificate_hash": "e6656f5fb6cb52f3a2fc0d7a2e3bedb07c187475"
          }
        },
        {
          "client_id": "664671656235-vj8hqho2hg5dnvvduf4ks7lfsdqrt9h6.apps.googleusercontent.com",
          "client_type": 1,
          "android_info": {
            "package_name": "uz.usoft.waiodictionary",
            "certificate_hash": "d29bc298d695a296ede82a2884de9c6936214b92"
          }
        },
        {
          "client_id": "664671656235-0a52r5vmhd9ad2eh1go1gaesl11etf37.apps.googleusercontent.com",
          "client_type": 3
        }
      ],
      "api_key": [
        {
          "current_key": "AIzaSyCLawuaqj3CIg33BGAsAa4ZhyrTfsKMmXg"
        }
      ],
      "services": {
        "appinvite_service": {
          "other_platform_oauth_client": [
            {
              "client_id": "664671656235-0a52r5vmhd9ad2eh1go1gaesl11etf37.apps.googleusercontent.com",
              "client_type": 3
            },
            {
              "client_id": "664671656235-4n99oerkbng2sti6kr5ftg4rv5hlnsto.apps.googleusercontent.com",
              "client_type": 2,
              "ios_info": {
                "bundle_id": "uz.usoft.waiodictionary"
              }
            }
          ]
        }
      }
    }
  ],
  "configuration_version": "1"
}